{
    "labels": [ 4.00000000e+00,   1.60000000e+01,   6.30000000e+01,
   2.48000000e+02,   9.85000000e+02,   3.90700000e+03,   1.55080000e+04,
   6.15460000e+04,   2.44257000e+05,   9.69386000e+05],
    "datasets": [{
      "label": "# of Users",
      "data": [5207129,  891061,  772370,  400569,  220242,   91476,   27103,
          6159,     973,     109]
    }]
  }