{
  "Reputation": {
    "labels": [ 4.00000000e+00,   1.60000000e+01,   6.30000000e+01,
   2.48000000e+02,   9.85000000e+02,   3.90700000e+03,   1.55080000e+04,
   6.15460000e+04,   2.44257000e+05,   9.69386000e+05],
    "datasets": [{
      "label": "# of Users",
      "data": [5207129,  891061,  772370,  400569,  220242,   91476,   27103,
          6159,     973,     109]
    }]
  },
  "Answers": {
    "labels": [1.00000000e+00, 3.60000000e+02, 7.19000000e+02,
      1.07800000e+03, 1.43700000e+03, 1.79600000e+03,
      2.15500000e+03, 2.51400000e+03, 2.87300000e+03,
      3.23200000e+03, 3.59100000e+03
    ],
    "datasets": [{
      "label": "# of Users",
      "data": [2.17112000e+05, 4.70000000e+01, 2.20000000e+01,
        8.00000000e+00, 5.00000000e+00, 1.00000000e+00,
        1.00000000e+00, 1.00000000e+00, 0.00000000e+00,
        2.00000000e+00
      ]
    }]
  }
}
