{ "Reputation": {"labels": [1.00000000e+00, 3.60000000e+02, 7.19000000e+02,
        1.07800000e+03, 1.43700000e+03, 1.79600000e+03,
        2.15500000e+03, 2.51400000e+03, 2.87300000e+03,
        3.23200000e+03, 3.59100000e+03
      ],
      "datasets": [{
        "label": "# of Users",
        "data": [4.17112000e+05, 7.70000000e+01, 1.20000000e+01,
          8.00000000e+00, 5.00000000e+00, 1.00000000e+00,
          1.00000000e+00, 1.00000000e+00, 0.00000000e+00,
          2.00000000e+00
        ]
      }]
    },
	"Answers": {"labels": [1.00000000e+00, 3.60000000e+02, 7.19000000e+02,
        1.07800000e+03, 1.43700000e+03, 1.79600000e+03,
        2.15500000e+03, 2.51400000e+03, 2.87300000e+03,
        3.23200000e+03, 3.59100000e+03
      ],
      "datasets": [{
        "label": "# of Users",
        "data": [2.17112000e+05, 4.70000000e+01, 2.20000000e+01,
          8.00000000e+00, 5.00000000e+00, 1.00000000e+00,
          1.00000000e+00, 1.00000000e+00, 0.00000000e+00,
          2.00000000e+00
        ]
      }]
    }
	}